{
  "accuracy": 0.614,
  "f1_score": 0.6107141515288751,
  "label_distribution": {
    "1": 0.43512341561040696,
    "0": 0.3685790527018012,
    "2": 0.19629753168779185
  }
}